-- MySQL Script generated by MySQL Workbench
-- Fri Jan  5 12:22:08 2018
-- Model: New Model    Version: 1.0
-- MySQL Workbench Forward Engineering

SET @OLD_UNIQUE_CHECKS=@@UNIQUE_CHECKS, UNIQUE_CHECKS=0;
SET @OLD_FOREIGN_KEY_CHECKS=@@FOREIGN_KEY_CHECKS, FOREIGN_KEY_CHECKS=0;
SET @OLD_SQL_MODE=@@SQL_MODE, SQL_MODE='TRADITIONAL,ALLOW_INVALID_DATES';

-- -----------------------------------------------------
-- Schema Hostel
-- -----------------------------------------------------
-- База данных для хранения информации о клиентах, номерах, поселении и бронировании, скидках гостиницы

-- -----------------------------------------------------
-- Schema Hostel
--
-- База данных для хранения информации о клиентах, номерах, поселении и бронировании, скидках гостиницы
-- -----------------------------------------------------
CREATE SCHEMA IF NOT EXISTS `Hostel` DEFAULT CHARACTER SET utf8 ;
USE `Hostel` ;

-- -----------------------------------------------------
-- Table `Hostel`.`clients`
-- -----------------------------------------------------
CREATE TABLE IF NOT EXISTS `Hostel`.`clients` (
  `id` INT UNSIGNED NOT NULL AUTO_INCREMENT,
  `login` VARCHAR(45) NULL,
  `password` VARCHAR(50) NULL,
  `email` VARCHAR(45) NULL,
  `type` VARCHAR(45) NULL,
  `banned` VARCHAR(5) NULL,
  PRIMARY KEY (`id`))
ENGINE = InnoDB
COMMENT = 'Таблица для хранения информации о клиентах';


-- -----------------------------------------------------
-- Table `Hostel`.`langs`
-- -----------------------------------------------------
CREATE TABLE IF NOT EXISTS `Hostel`.`langs` (
  `langs` CHAR(2) NOT NULL,
  `lname` VARCHAR(15) NOT NULL,
  PRIMARY KEY (`langs`))
ENGINE = InnoDB;


-- -----------------------------------------------------
-- Table `Hostel`.`tclients`
-- -----------------------------------------------------
CREATE TABLE IF NOT EXISTS `Hostel`.`tclients` (
  `id` INT UNSIGNED NOT NULL,
  `langs` CHAR(2) NOT NULL,
  `name` NVARCHAR(45) NOT NULL COMMENT 'Имя клиента',
  `surname` NVARCHAR(45) NOT NULL COMMENT 'Фамилия клиента',
  PRIMARY KEY (`id`, `langs`),
  INDEX `fk_tclients_clients_idx` (`id` ASC),
  INDEX `fk_tclients_langs1_idx` (`langs` ASC),
  INDEX `client_surname` (`surname` ASC),
  CONSTRAINT `fk_tclients_clients`
    FOREIGN KEY (`id`)
    REFERENCES `Hostel`.`clients` (`id`)
    ON DELETE NO ACTION
    ON UPDATE NO ACTION,
  CONSTRAINT `fk_tclients_langs1`
    FOREIGN KEY (`langs`)
    REFERENCES `Hostel`.`langs` (`langs`)
    ON DELETE NO ACTION
    ON UPDATE NO ACTION)
ENGINE = InnoDB
COMMENT = 'Таблица интернационализации таблицы clients';


-- -----------------------------------------------------
-- Table `Hostel`.`hostels`
-- -----------------------------------------------------
CREATE TABLE IF NOT EXISTS `Hostel`.`hostels` (
  `id` INT UNSIGNED NOT NULL AUTO_INCREMENT,
  PRIMARY KEY (`id`))
ENGINE = InnoDB
COMMENT = 'Таблица для хранения информации о гостиницах';


-- -----------------------------------------------------
-- Table `Hostel`.`rooms`
-- -----------------------------------------------------
CREATE TABLE IF NOT EXISTS `Hostel`.`rooms` (
  `id` INT UNSIGNED NOT NULL AUTO_INCREMENT,
  `id_hostel` INT UNSIGNED NOT NULL,
  `room_number` VARCHAR(45) NOT NULL,
  `roominess` INT NOT NULL COMMENT 'Вместительность человек',
  `comfort` INT NULL DEFAULT 0 COMMENT 'Комфортабельность номера от 0-10. Дефалтное значение 0',
  `price` DECIMAL(6,2) NOT NULL COMMENT 'Цена за проживание в номере',
  PRIMARY KEY (`id`, `id_hostel`),
  INDEX `fk_rooms_hostels1_idx` (`id_hostel` ASC),
  INDEX `room_price` (`price` ASC),
  INDEX `rominess` (`roominess` ASC),
  INDEX `room_number` (`room_number` ASC),
  INDEX `room_comfort` (`comfort` ASC),
  CONSTRAINT `fk_rooms_hostels1`
    FOREIGN KEY (`id_hostel`)
    REFERENCES `Hostel`.`hostels` (`id`)
    ON DELETE NO ACTION
    ON UPDATE NO ACTION)
ENGINE = InnoDB
COMMENT = 'Таблица содержащая информацию о номерах гостиницы';


-- -----------------------------------------------------
-- Table `Hostel`.`booking`
-- -----------------------------------------------------
CREATE TABLE IF NOT EXISTS `Hostel`.`booking` (
  `id` INT UNSIGNED NOT NULL AUTO_INCREMENT,
  `id_room` INT UNSIGNED NOT NULL,
  `id_hostel` INT UNSIGNED NOT NULL,
  `id_client` INT UNSIGNED NOT NULL,
  `date_booking` DATE NOT NULL COMMENT 'Дата бронирования номера',
  `date_occupancy` DATE NOT NULL COMMENT 'Дата заселения в номер',
  `date_ejectment` DATE NOT NULL COMMENT 'Дата выселения из номера',
  PRIMARY KEY (`id`),
  INDEX `date_booking` (`date_booking` ASC),
  INDEX `fk_booking_rooms2_idx` (`id_room` ASC, `id_hostel` ASC),
  INDEX `fk_booking_clients2_idx` (`id_client` ASC),
  CONSTRAINT `fk_booking_rooms2`
    FOREIGN KEY (`id_room` , `id_hostel`)
    REFERENCES `Hostel`.`rooms` (`id` , `id_hostel`)
    ON DELETE NO ACTION
    ON UPDATE NO ACTION,
  CONSTRAINT `fk_booking_clients2`
    FOREIGN KEY (`id_client`)
    REFERENCES `Hostel`.`clients` (`id`)
    ON DELETE NO ACTION
    ON UPDATE NO ACTION)
ENGINE = InnoDB
COMMENT = 'аблица хранящая информацию о бронировании';


-- -----------------------------------------------------
-- Table `Hostel`.`occupancy`
-- -----------------------------------------------------
CREATE TABLE IF NOT EXISTS `Hostel`.`occupancy` (
  `id` INT UNSIGNED NOT NULL AUTO_INCREMENT,
  `id_room` INT UNSIGNED NOT NULL,
  `id_hostel` INT UNSIGNED NOT NULL,
  `id_client` INT UNSIGNED NOT NULL,
  `date_occupancy` DATE NOT NULL COMMENT 'Дата заселения в номер',
  `date_ejectment` DATE NOT NULL COMMENT 'Дата выселения из номера',
  `room_number` INT NOT NULL,
  PRIMARY KEY (`id`),
  INDEX `date_ejectment` (`date_ejectment` ASC),
  INDEX `room_number` (`room_number` ASC),
  INDEX `fk_occupancy_rooms2_idx` (`id_room` ASC, `id_hostel` ASC),
  INDEX `fk_occupancy_clients2_idx` (`id_client` ASC),
  CONSTRAINT `fk_occupancy_rooms2`
    FOREIGN KEY (`id_room` , `id_hostel`)
    REFERENCES `Hostel`.`rooms` (`id` , `id_hostel`)
    ON DELETE NO ACTION
    ON UPDATE NO ACTION,
  CONSTRAINT `fk_occupancy_clients2`
    FOREIGN KEY (`id_client`)
    REFERENCES `Hostel`.`clients` (`id`)
    ON DELETE NO ACTION
    ON UPDATE NO ACTION)
ENGINE = InnoDB
COMMENT = 'Таблица хранящая информацию о заселениях';


-- -----------------------------------------------------
-- Table `Hostel`.`thostels`
-- -----------------------------------------------------
CREATE TABLE IF NOT EXISTS `Hostel`.`thostels` (
  `id` INT UNSIGNED NOT NULL,
  `langs` CHAR(2) NOT NULL,
  `thostel_name` NVARCHAR(45) NOT NULL COMMENT 'Название гостиницы',
  `thostel_country` NVARCHAR(45) NOT NULL COMMENT 'Страна нахождения гостиницы',
  `thostel_city` NVARCHAR(45) NOT NULL COMMENT 'Город нахождения гостиницы',
  `thostel_address` NVARCHAR(45) NOT NULL COMMENT 'Адресс (Улица и дом) нахождение гостиницы\n',
  PRIMARY KEY (`id`, `langs`),
  INDEX `fk_thostels_hostels1_idx` (`id` ASC),
  INDEX `fk_thostels_langs1_idx` (`langs` ASC),
  INDEX `hostel_name` (`thostel_name` ASC),
  INDEX `hostel_country` (`thostel_country` ASC),
  CONSTRAINT `fk_thostels_hostels1`
    FOREIGN KEY (`id`)
    REFERENCES `Hostel`.`hostels` (`id`)
    ON DELETE NO ACTION
    ON UPDATE NO ACTION,
  CONSTRAINT `fk_thostels_langs1`
    FOREIGN KEY (`langs`)
    REFERENCES `Hostel`.`langs` (`langs`)
    ON DELETE NO ACTION
    ON UPDATE NO ACTION)
ENGINE = InnoDB
COMMENT = 'Таблица для интернационализации таблицы hostels';


SET SQL_MODE=@OLD_SQL_MODE;
SET FOREIGN_KEY_CHECKS=@OLD_FOREIGN_KEY_CHECKS;
SET UNIQUE_CHECKS=@OLD_UNIQUE_CHECKS;

-- -----------------------------------------------------
-- Data for table `Hostel`.`clients`
-- -----------------------------------------------------
START TRANSACTION;
USE `Hostel`;
INSERT INTO `Hostel`.`clients` (`id`, `login`, `password`, `email`, `type`, `banned`) VALUES (11, 'Ivan1', '80f480040c09a5988cb7f7f211364a12', 'ivanov@gmail.com', 'user', 'false');
INSERT INTO `Hostel`.`clients` (`id`, `login`, `password`, `email`, `type`, `banned`) VALUES (12, 'Sidor', 'b7e3bd66fb766d378944f360c67e8320', 'sidorov@gmail.com', 'user', 'false');
INSERT INTO `Hostel`.`clients` (`id`, `login`, `password`, `email`, `type`, `banned`) VALUES (13, 'Petr', 'b2bdbacf6186b9e7ba3bda3e86a96ecb', 'petrov@gmail.com', 'user', 'false');
INSERT INTO `Hostel`.`clients` (`id`, `login`, `password`, `email`, `type`, `banned`) VALUES (14, 'Marry', '13de76820040b8c2afc37326de9049d8', 'ivanova@gmail.com', 'user', 'false');
INSERT INTO `Hostel`.`clients` (`id`, `login`, `password`, `email`, `type`, `banned`) VALUES (15, 'Anastasia', '549c21bb298c4cc473d976d3b7264145', 'petrova@gmail.com', 'user', 'false');
INSERT INTO `Hostel`.`clients` (`id`, `login`, `password`, `email`, `type`, `banned`) VALUES (16, 'Evgeniy', 'd4388e5eabe39eb3cfb9bd3092fb2bd7', 'shav@gmail.com', 'user', 'false');
INSERT INTO `Hostel`.`clients` (`id`, `login`, `password`, `email`, `type`, `banned`) VALUES (17, 'Roman', '03c496d5def61512cf53d3878d075b99', 'rudin@gmail.com', 'user', 'false');
INSERT INTO `Hostel`.`clients` (`id`, `login`, `password`, `email`, `type`, `banned`) VALUES (18, 'Alexey', 'fc1bb6c7c34d6a55252082067afc9a91', 'rusin@gmail.com', 'user', 'false');
INSERT INTO `Hostel`.`clients` (`id`, `login`, `password`, `email`, `type`, `banned`) VALUES (19, 'Aleksander', 'dfd7106efc87ef9ddac7e535f1e8318e', 'kozir@gmail.com', 'user', 'false');
INSERT INTO `Hostel`.`clients` (`id`, `login`, `password`, `email`, `type`, `banned`) VALUES (110, 'Maksim', '4129639b5c3fd30e5abe69b2e32c2d21', 'anastas@gmail.com', 'user', 'false');
INSERT INTO `Hostel`.`clients` (`id`, `login`, `password`, `email`, `type`, `banned`) VALUES (111, 'Nastya', 'fc34cd92558c135658f237b7fed03803', 'nastyaZhar@gmail.com', 'admin', 'false');

COMMIT;


-- -----------------------------------------------------
-- Data for table `Hostel`.`langs`
-- -----------------------------------------------------
START TRANSACTION;
USE `Hostel`;
INSERT INTO `Hostel`.`langs` (`langs`, `lname`) VALUES ('ru', 'Russian');
INSERT INTO `Hostel`.`langs` (`langs`, `lname`) VALUES ('en', 'English');

COMMIT;


-- -----------------------------------------------------
-- Data for table `Hostel`.`tclients`
-- -----------------------------------------------------
START TRANSACTION;
USE `Hostel`;
INSERT INTO `Hostel`.`tclients` (`id`, `langs`, `name`, `surname`) VALUES (11, 'ru', 'Иван', 'Иванов');
INSERT INTO `Hostel`.`tclients` (`id`, `langs`, `name`, `surname`) VALUES (11, 'en', 'Ivan', 'Ivanov');
INSERT INTO `Hostel`.`tclients` (`id`, `langs`, `name`, `surname`) VALUES (12, 'ru', 'Сидор', 'Сидоров');
INSERT INTO `Hostel`.`tclients` (`id`, `langs`, `name`, `surname`) VALUES (12, 'en', 'Sidor', 'Sidorov');
INSERT INTO `Hostel`.`tclients` (`id`, `langs`, `name`, `surname`) VALUES (13, 'ru', 'Пётр', 'Петров');
INSERT INTO `Hostel`.`tclients` (`id`, `langs`, `name`, `surname`) VALUES (13, 'en', 'Petr', 'Pterov');
INSERT INTO `Hostel`.`tclients` (`id`, `langs`, `name`, `surname`) VALUES (14, 'ru', 'Мария', 'Иванова');
INSERT INTO `Hostel`.`tclients` (`id`, `langs`, `name`, `surname`) VALUES (14, 'en', 'Marry', 'Ivanova');
INSERT INTO `Hostel`.`tclients` (`id`, `langs`, `name`, `surname`) VALUES (15, 'ru', 'Анастасия', 'Петрова');
INSERT INTO `Hostel`.`tclients` (`id`, `langs`, `name`, `surname`) VALUES (15, 'en', 'Anastasia', 'Petrova');
INSERT INTO `Hostel`.`tclients` (`id`, `langs`, `name`, `surname`) VALUES (16, 'ru', 'Евгений', 'Шавлюга');
INSERT INTO `Hostel`.`tclients` (`id`, `langs`, `name`, `surname`) VALUES (16, 'en', 'Evgeniy', 'Shavluga');
INSERT INTO `Hostel`.`tclients` (`id`, `langs`, `name`, `surname`) VALUES (17, 'ru', 'Роман', 'Рудин');
INSERT INTO `Hostel`.`tclients` (`id`, `langs`, `name`, `surname`) VALUES (17, 'en', 'Roman', 'Rudin');
INSERT INTO `Hostel`.`tclients` (`id`, `langs`, `name`, `surname`) VALUES (18, 'ru', 'Алексей', 'Русин');
INSERT INTO `Hostel`.`tclients` (`id`, `langs`, `name`, `surname`) VALUES (18, 'en', 'Alexey', 'Rusin');
INSERT INTO `Hostel`.`tclients` (`id`, `langs`, `name`, `surname`) VALUES (19, 'ru', 'Александр', 'Козырев');
INSERT INTO `Hostel`.`tclients` (`id`, `langs`, `name`, `surname`) VALUES (19, 'en', 'Aleksander', 'Kozirev');
INSERT INTO `Hostel`.`tclients` (`id`, `langs`, `name`, `surname`) VALUES (110, 'ru', 'Максим', 'Анастасьев');
INSERT INTO `Hostel`.`tclients` (`id`, `langs`, `name`, `surname`) VALUES (110, 'en', 'Maksim', 'Anastasyev');
INSERT INTO `Hostel`.`tclients` (`id`, `langs`, `name`, `surname`) VALUES (111, 'ru', 'Анастасия', 'Жарёнова');

COMMIT;


-- -----------------------------------------------------
-- Data for table `Hostel`.`hostels`
-- -----------------------------------------------------
START TRANSACTION;
USE `Hostel`;
INSERT INTO `Hostel`.`hostels` (`id`) VALUES (1);
INSERT INTO `Hostel`.`hostels` (`id`) VALUES (2);
INSERT INTO `Hostel`.`hostels` (`id`) VALUES (3);

COMMIT;


-- -----------------------------------------------------
-- Data for table `Hostel`.`rooms`
-- -----------------------------------------------------
START TRANSACTION;
USE `Hostel`;
INSERT INTO `Hostel`.`rooms` (`id`, `id_hostel`, `room_number`, `roominess`, `comfort`, `price`) VALUES (1, 1, '1', 2, 4, 30);
INSERT INTO `Hostel`.`rooms` (`id`, `id_hostel`, `room_number`, `roominess`, `comfort`, `price`) VALUES (2, 2, '1', 2, 6, 40);
INSERT INTO `Hostel`.`rooms` (`id`, `id_hostel`, `room_number`, `roominess`, `comfort`, `price`) VALUES (3, 1, '2', 3, 7, 45);
INSERT INTO `Hostel`.`rooms` (`id`, `id_hostel`, `room_number`, `roominess`, `comfort`, `price`) VALUES (4, 2, '2', 3, 3, 20);
INSERT INTO `Hostel`.`rooms` (`id`, `id_hostel`, `room_number`, `roominess`, `comfort`, `price`) VALUES (5, 1, '3', 4, 6, 50);
INSERT INTO `Hostel`.`rooms` (`id`, `id_hostel`, `room_number`, `roominess`, `comfort`, `price`) VALUES (6, 2, '3', 4, 3, 45);
INSERT INTO `Hostel`.`rooms` (`id`, `id_hostel`, `room_number`, `roominess`, `comfort`, `price`) VALUES (7, 1, '4', 5, 5, 45);
INSERT INTO `Hostel`.`rooms` (`id`, `id_hostel`, `room_number`, `roominess`, `comfort`, `price`) VALUES (8, 2, '4', 5, 8, 60);
INSERT INTO `Hostel`.`rooms` (`id`, `id_hostel`, `room_number`, `roominess`, `comfort`, `price`) VALUES (9, 1, '5', 1, 9, 60);
INSERT INTO `Hostel`.`rooms` (`id`, `id_hostel`, `room_number`, `roominess`, `comfort`, `price`) VALUES (10, 2, '5', 1, 4, 30);

COMMIT;


-- -----------------------------------------------------
-- Data for table `Hostel`.`booking`
-- -----------------------------------------------------
START TRANSACTION;
USE `Hostel`;
INSERT INTO `Hostel`.`booking` (`id`, `id_room`, `id_hostel`, `id_client`, `date_booking`, `date_occupancy`, `date_ejectment`) VALUES (1, 10, 2, 11, '14.12.2017', '22.12.2017', '25.12.2017');
INSERT INTO `Hostel`.`booking` (`id`, `id_room`, `id_hostel`, `id_client`, `date_booking`, `date_occupancy`, `date_ejectment`) VALUES (2, 9, 1, 12, '10.12.2017', '20.12.2017', '23.12.2017');
INSERT INTO `Hostel`.`booking` (`id`, `id_room`, `id_hostel`, `id_client`, `date_booking`, `date_occupancy`, `date_ejectment`) VALUES (3, 8, 2, 13, '20.12.2017', '15.01.2018', '30.01.2018');
INSERT INTO `Hostel`.`booking` (`id`, `id_room`, `id_hostel`, `id_client`, `date_booking`, `date_occupancy`, `date_ejectment`) VALUES (4, 7, 1, 14, '11.12.2017', '18.12.2017', '24.12.2017');
INSERT INTO `Hostel`.`booking` (`id`, `id_room`, `id_hostel`, `id_client`, `date_booking`, `date_occupancy`, `date_ejectment`) VALUES (5, 6, 2, 15, '25.12.2017', '15.01.2018', '21.01.2018');

COMMIT;


-- -----------------------------------------------------
-- Data for table `Hostel`.`occupancy`
-- -----------------------------------------------------
START TRANSACTION;
USE `Hostel`;
INSERT INTO `Hostel`.`occupancy` (`id`, `id_room`, `id_hostel`, `id_client`, `date_occupancy`, `date_ejectment`, `room_number`) VALUES (1, 1, 1, 11, '10.12.2017', '20.12.2017', 1);
INSERT INTO `Hostel`.`occupancy` (`id`, `id_room`, `id_hostel`, `id_client`, `date_occupancy`, `date_ejectment`, `room_number`) VALUES (2, 2, 2, 12, '21.12.2017', '25.12.2017', 1);
INSERT INTO `Hostel`.`occupancy` (`id`, `id_room`, `id_hostel`, `id_client`, `date_occupancy`, `date_ejectment`, `room_number`) VALUES (3, 3, 1, 13, '15.12.2017', '17.12.2017', 2);
INSERT INTO `Hostel`.`occupancy` (`id`, `id_room`, `id_hostel`, `id_client`, `date_occupancy`, `date_ejectment`, `room_number`) VALUES (4, 4, 2, 14, '25.12.2017', '30.12.2017', 2);
INSERT INTO `Hostel`.`occupancy` (`id`, `id_room`, `id_hostel`, `id_client`, `date_occupancy`, `date_ejectment`, `room_number`) VALUES (5, 5, 1, 15, '21.12.2017', '29.12.2017', 3);
INSERT INTO `Hostel`.`occupancy` (`id`, `id_room`, `id_hostel`, `id_client`, `date_occupancy`, `date_ejectment`, `room_number`) VALUES (6, 6, 2, 16, '15.12.2017', '05.01.2018', 3);
INSERT INTO `Hostel`.`occupancy` (`id`, `id_room`, `id_hostel`, `id_client`, `date_occupancy`, `date_ejectment`, `room_number`) VALUES (7, 7, 1, 17, '10.12.2017', '14.12.2017', 4);
INSERT INTO `Hostel`.`occupancy` (`id`, `id_room`, `id_hostel`, `id_client`, `date_occupancy`, `date_ejectment`, `room_number`) VALUES (8, 8, 2, 18, '25.12.2017', '10.01.2018', 4);
INSERT INTO `Hostel`.`occupancy` (`id`, `id_room`, `id_hostel`, `id_client`, `date_occupancy`, `date_ejectment`, `room_number`) VALUES (9, 9, 1, 19, '10.12.2017', '15.12.2017', 5);
INSERT INTO `Hostel`.`occupancy` (`id`, `id_room`, `id_hostel`, `id_client`, `date_occupancy`, `date_ejectment`, `room_number`) VALUES (10, 10, 2, 110, '15.12.2017', '21.12.2017', 5);

COMMIT;


-- -----------------------------------------------------
-- Data for table `Hostel`.`thostels`
-- -----------------------------------------------------
START TRANSACTION;
USE `Hostel`;
INSERT INTO `Hostel`.`thostels` (`id`, `langs`, `thostel_name`, `thostel_country`, `thostel_city`, `thostel_address`) VALUES (1, 'ru', 'Вечерний Минск', 'Беларусь', 'Минск', 'Просрект независимости,3');
INSERT INTO `Hostel`.`thostels` (`id`, `langs`, `thostel_name`, `thostel_country`, `thostel_city`, `thostel_address`) VALUES (1, 'en', 'Evening Minsk', 'Belarus', 'Minsk', 'Prospekt nezavisimosty,3');
INSERT INTO `Hostel`.`thostels` (`id`, `langs`, `thostel_name`, `thostel_country`, `thostel_city`, `thostel_address`) VALUES (2, 'ru', 'Беларусь', 'Беларусь', 'Минск', 'Площадь Ленина,5');
INSERT INTO `Hostel`.`thostels` (`id`, `langs`, `thostel_name`, `thostel_country`, `thostel_city`, `thostel_address`) VALUES (2, 'en', 'Belarus', 'Belarus', 'Minsk', 'Ploshad Lenina,5');
INSERT INTO `Hostel`.`thostels` (`id`, `langs`, `thostel_name`, `thostel_country`, `thostel_city`, `thostel_address`) VALUES (3, 'en', 'Green Vilnius', 'Lithuania', 'Vilnius', 'Pilaitės pr,20');

COMMIT;

